{"0.2564397442863977":{"user_id":1},"0.2266185546771582":{"user_id":2},"0.17871801108037721":{"user_id":3},"0.09988904666082843":{"user_id":3}}